{
    "arm_cpu":{
        "md5":"4a277c569cad359b88567e76667e1c66",
        "mtime":1533150027.3419242,
        "size":193549
    },
    "vta":{
        "md5":"962faa2dd2b0d0ed4ecfb992b99fd86c",
        "mtime":1533149997.5062993,
        "size":7782
    }
}